city,Cloudiness,country,Date,Humidity,lat,lng,Max_Temp,Wind Speed
rikitea,0.0,pf,2018-05-24 14:05:10,100.0,-55.13930170971912,-136.5332648861989,4.22,5.66
amderma,24.0,ru,2018-05-24 14:05:11,90.0,70.318332304732,61.410120303739205,-6.24,7.41
maridi,64.0,sd,2018-05-24 14:05:13,62.0,5.133419547806113,30.44153170851024,29.82,2.41
punta arenas,68.0,cl,2018-05-24 14:05:14,100.0,-64.39051647489738,-85.67267123994397,-0.54,6.81
thompson,0.0,ca,2018-05-24 14:05:16,52.0,55.02385047768854,-94.4908497687694,25.02,3.61
port alfred,36.0,za,2018-05-24 14:05:17,100.0,-39.48872837035843,27.771179617596033,12.11,5.56
barrow,68.0,us,2018-05-24 14:05:18,98.0,86.48694667403953,-161.68539159924094,-1.74,6.56
mataura,92.0,pf,2018-05-24 14:05:20,91.0,-68.91823534453795,-144.90172893305547,1.17,18.21
belushya guba,0.0,ru,2018-05-24 14:05:21,94.0,86.9215824938745,59.5786916004636,-8.04,3.81
ushuaia,0.0,ar,2018-05-24 14:05:23,89.0,-86.5579035802421,-54.91914901770801,-42.99,11.31
tahta,36.0,eg,2018-05-24 14:05:24,29.0,24.698161943761846,28.9836328572095,31.97,3.01
hat yai,75.0,th,2018-05-24 13:30:00,94.0,7.14726363052587,100.057967174711,26.0,1.11
victoria point,76.0,au,2018-05-24 14:05:27,100.0,-27.414098201205427,154.19088851399772,21.77,4.81
along,80.0,in,2018-05-24 14:05:28,100.0,30.613329369555586,94.79336411232458,-1.69,0.31
castro,92.0,cl,2018-05-24 14:05:30,96.0,-46.692982142008475,-77.75733937938352,10.67,4.71
cape town,92.0,za,2018-05-24 14:05:31,100.0,-36.41079482498713,17.459565457918274,14.61,8.76
hermanus,80.0,za,2018-05-24 14:05:33,100.0,-60.32300581926811,14.336392610745577,-0.49,13.91
puerto maldonado,0.0,pe,2018-05-24 13:00:00,77.0,-12.21095436287068,-69.43776677253445,21.0,1.66
buraydah,0.0,sa,2018-05-24 13:00:00,18.0,27.106389158383024,41.85913409084051,33.0,9.3
ozgon,0.0,kg,2018-05-24 14:05:37,86.0,39.26578774733369,74.12128443072234,-11.04,0.86
bathsheba,76.0,bb,2018-05-24 14:05:38,100.0,14.361222895151329,-51.51379889286915,25.17,7.21
grindavik,36.0,is,2018-05-24 14:05:40,100.0,53.670177557367765,-24.687214404082,9.86,6.46
bosaso,32.0,so,2018-05-24 14:05:41,93.0,12.13886180555474,48.60582422375771,31.02,4.31
pevek,8.0,ru,2018-05-24 14:05:43,92.0,87.37375542256015,174.26761115869556,-4.74,5.21
campbell river,75.0,ca,2018-05-24 13:00:00,81.0,49.91166729198943,-125.8430097612206,12.0,1.5
itapetininga,36.0,br,2018-05-24 14:05:46,73.0,-23.761210871851773,-48.10706599896713,19.11,2.71
arraial do cabo,48.0,br,2018-05-24 14:05:47,100.0,-30.194356649404874,-32.82686693691312,21.17,10.56
maniitsoq,76.0,gl,2018-05-24 14:05:49,100.0,64.18767703285906,-56.519441869624174,-1.34,4.36
kingston,5.0,us,2018-05-24 13:45:00,33.0,41.784066918120885,-74.21839844190751,22.0,2.1
tongchuan,24.0,cn,2018-05-24 14:05:51,80.0,30.81115192722541,104.922131819132,20.57,2.51
severo-yeniseyskiy,32.0,ru,2018-05-24 14:05:53,92.0,63.319055239263946,92.91481347887395,-0.94,4.96
illoqqortoormiut,64.0,gl,2018-05-24 14:05:54,97.0,79.66998613405934,-21.118144192050067,-8.09,0.71
bluff,20.0,nz,2018-05-24 14:05:55,39.0,-70.89099794721089,161.76755757286452,-32.94,3.11
hithadhoo,80.0,mv,2018-05-24 14:05:57,100.0,-9.909561062323803,66.92698873555011,27.67,9.46
pisco,92.0,pe,2018-05-24 14:05:58,100.0,-17.025974206530208,-82.23739555093874,19.56,5.71
busselton,36.0,au,2018-05-24 14:06:00,94.0,-55.68034383979464,91.61445817906241,2.92,19.11
mahebourg,56.0,mu,2018-05-24 14:06:01,100.0,-30.186629449984586,63.930814622946,20.72,3.01
noumea,8.0,nc,2018-05-24 14:06:03,100.0,-29.41660537414026,163.7347666142639,20.57,5.91
grand gaube,68.0,mu,2018-05-24 14:06:04,100.0,-17.11898331906606,63.374945059361636,25.72,10.41
phan rang,76.0,vn,2018-05-24 14:06:06,100.0,9.20573550231532,110.58481621896794,30.47,2.66
homer,92.0,us,2018-05-24 14:06:07,99.0,58.942027040401996,-150.7665325006133,6.52,8.96
yar-sale,76.0,ru,2018-05-24 14:06:08,90.0,65.99661414320994,69.57296963324265,-0.79,11.56
grants,0.0,us,2018-05-24 14:06:10,22.0,34.18768513749123,-108.36237006456318,16.36,1.66
mitsamiouli,32.0,km,2018-05-24 14:06:11,100.0,-7.000150965079271,46.90509448513541,27.42,10.36
tirumullaivasal,20.0,in,2018-05-24 14:06:13,80.0,11.259139043188398,80.01352381657921,29.82,3.66
lyamino,0.0,ru,2018-05-24 14:06:14,56.0,58.31741750364955,57.72503306048617,13.92,6.46
east london,76.0,za,2018-05-24 14:06:15,100.0,-54.8349892689153,45.43968357549835,1.22,16.01
olafsvik,68.0,is,2018-05-24 14:06:17,100.0,61.891600401137424,-27.919057031671485,5.77,7.26
dunedin,44.0,nz,2018-05-24 14:06:18,100.0,-56.86257438093117,179.90102016045745,2.06,6.61
grand river south east,0.0,mu,2018-05-24 14:06:20,100.0,-20.720188678428855,64.97630618155148,25.11,11.96
yairipok,32.0,in,2018-05-24 14:06:21,89.0,24.656210523966237,95.06711557176425,25.07,0.91
bredasdorp,44.0,za,2018-05-24 14:06:23,100.0,-58.80571726885125,19.730489347077622,-0.14,11.91
tomesti,32.0,ro,2018-05-24 14:06:24,84.0,46.245792396367534,22.63852639875404,19.42,1.11
nanortalik,88.0,gl,2018-05-24 14:06:25,100.0,58.59689730971294,-41.188597788966405,3.17,8.41
fortuna,80.0,us,2018-05-24 14:06:27,100.0,37.33142491349125,-128.18152794859438,14.22,2.56
leningradskiy,80.0,ru,2018-05-24 14:06:28,94.0,70.30123288643622,178.777188646139,-4.04,2.76
airai,0.0,pw,2018-05-24 14:06:30,100.0,8.119133607632563,140.91424490741974,29.47,5.41
cherskiy,8.0,ru,2018-05-24 14:06:31,84.0,76.13123509635653,164.25590935991983,-9.59,3.91
tuktoyaktuk,48.0,ca,2018-05-24 14:06:33,100.0,88.72912854956797,-129.88040603888987,-2.39,5.36
chicama,80.0,pe,2018-05-24 14:06:34,100.0,-9.603975803426223,-83.2437786641806,22.42,5.26
todos santos,8.0,mx,2018-05-24 14:06:36,100.0,23.044380720278753,-110.98860932070694,19.17,7.21
ostrovnoy,48.0,ru,2018-05-24 14:06:37,100.0,71.62909726796786,40.772577479614256,3.92,6.56
deputatskiy,32.0,ru,2018-05-24 14:06:38,85.0,77.15182071766654,142.30374905958115,-5.44,4.36
puerto ayora,80.0,ec,2018-05-24 14:06:40,98.0,-2.1455897952328797,-95.33335452651527,24.67,5.11
iqaluit,56.0,ca,2018-05-24 14:06:41,100.0,64.3622003224078,-67.57426121753532,-7.09,2.41
haines junction,88.0,ca,2018-05-24 14:06:43,82.0,61.72584278296151,-142.36796552399193,-5.84,0.86
ixtapa,12.0,mx,2018-05-24 14:06:44,100.0,10.333431696745478,-104.93539144279933,28.82,2.66
samusu,24.0,ws,2018-05-24 14:06:45,100.0,-1.2160125362499343,-164.32601194970493,26.47,2.21
taolanaro,80.0,mg,2018-05-24 14:06:47,100.0,-62.3368110471763,53.89267241388879,-7.34,10.51
port elizabeth,0.0,za,2018-05-24 14:06:48,0.0,-81.00762908203514,32.77211252852098,-51.84,9.86
atuona,76.0,pf,2018-05-24 14:06:50,99.0,-1.8794738361871879,-136.75684913778784,26.72,8.11
te anau,44.0,nz,2018-05-24 14:06:51,100.0,-44.6006458765508,161.95377942811007,10.47,15.16
port blair,20.0,in,2018-05-24 14:06:53,100.0,13.18925628355042,93.34830618859257,30.97,6.11
gold coast,100.0,au,2018-05-24 14:06:54,100.0,-27.209262885009615,157.1792317752019,21.47,4.96
kokoda,44.0,pg,2018-05-24 14:06:56,100.0,-8.109545390543815,147.38797402292352,18.81,0.51
ambon,8.0,id,2018-05-24 14:06:57,100.0,-2.743855830591002,126.7110956044346,26.07,1.11
dikson,80.0,ru,2018-05-24 14:06:59,97.0,74.80993190888421,72.66413580753024,-3.94,10.86
kikwit,20.0,cd,2018-05-24 14:07:00,36.0,-5.035695389654833,18.28506812680888,34.07,1.66
avarua,0.0,ck,2018-05-24 14:07:01,100.0,-34.77988429284102,-162.991299377225,18.42,10.11
saint-philippe,32.0,re,2018-05-24 14:07:03,100.0,-59.40386936850216,67.11153747615498,-2.39,8.96
severo-kurilsk,56.0,ru,2018-05-24 14:07:04,97.0,51.739821614223615,154.72128914191052,3.67,6.46
buta,64.0,cd,2018-05-24 14:07:06,67.0,3.6135919795807183,24.69406569946608,27.11,1.11
tabiauea,0.0,ki,2018-05-24 14:07:07,100.0,-0.09534052511203583,172.93350615279616,28.57,4.66
ambodifototra,20.0,mg,2018-05-24 14:07:08,100.0,-17.630834267096517,51.34570417139244,26.67,8.26
kavieng,0.0,pg,2018-05-24 14:07:10,100.0,18.182691440855862,155.56029887188026,27.57,2.41
vaini,68.0,to,2018-05-24 14:07:11,90.0,-71.65459040183876,-172.87501227178026,-15.99,14.01
santa maria,0.0,cv,2018-05-24 14:07:13,100.0,19.792858016155463,-20.757105533936397,20.22,9.31
roma,76.0,au,2018-05-24 14:07:14,89.0,-27.46530090455321,145.3842370718608,10.56,1.31
tiksi,56.0,ru,2018-05-24 14:07:15,89.0,77.91312635605155,131.0289341259301,-0.84,6.51
le vauclin,64.0,mq,2018-05-24 14:07:17,100.0,15.70396112803762,-58.686325317364336,26.27,7.51
aksu,0.0,cn,2018-05-24 14:07:18,15.0,37.693696486861455,81.33278272610426,16.97,6.11
mafinga,32.0,tz,2018-05-24 14:07:19,31.0,-7.326536107550908,34.83532348749901,28.36,3.81
matara,88.0,lk,2018-05-24 14:07:21,98.0,1.500392894901907,80.64608924547059,29.72,10.36
ketchikan,20.0,us,2018-05-24 12:56:00,93.0,56.10525091229124,-132.54419673136906,7.0,2.1
chumikan,32.0,ru,2018-05-24 14:07:24,96.0,56.681074051661426,133.12566253203852,3.02,1.16
okhotsk,0.0,ru,2018-05-24 14:07:25,92.0,61.44721347363634,143.45973566230333,-2.94,0.96
tual,92.0,id,2018-05-24 14:07:26,100.0,-5.7960439560825705,133.49296026428863,27.97,6.56
albany,0.0,au,2018-05-24 14:07:28,0.0,-75.78801665649918,111.5513547930027,-57.09,10.16
vaitupu,76.0,wf,2018-05-24 14:07:29,100.0,6.311497124149241,-173.419198852048,28.17,7.36
skagastrond,92.0,is,2018-05-24 14:07:31,100.0,66.43304621369919,-19.96744700605373,4.92,1.16
kazalinsk,0.0,kz,2018-05-24 14:07:33,31.0,46.673629086855186,61.53895908086798,23.52,1.61
hasaki,0.0,jp,2018-05-24 14:07:34,100.0,23.85771711519638,154.24550820474133,27.02,0.26
sao filipe,88.0,cv,2018-05-24 14:07:36,100.0,7.684572943791707,-33.86139952295446,25.82,6.31
shache,8.0,cn,2018-05-24 14:07:37,95.0,37.74723468913132,76.21267989093053,0.72,0.71
praxedis guerrero,1.0,mx,2018-05-24 13:51:00,56.0,31.662557492278737,-105.45580577110329,20.0,4.1
gat,92.0,ly,2018-05-24 14:07:41,12.0,27.246105636458438,7.8610289421544906,40.72,0.86
butaritari,88.0,ki,2018-05-24 14:07:42,100.0,7.890624169495382,175.9573535191593,27.77,6.16
yian,0.0,cn,2018-05-24 14:07:43,67.0,47.98314274785409,125.24110129843314,8.67,3.66
wodonga,0.0,au,2018-05-24 13:35:00,100.0,-36.131267792238276,146.64722401796405,5.0,0.51
jacqueville,56.0,ci,2018-05-24 14:07:46,100.0,0.8700417166270569,-4.050587386283894,27.07,6.71
kapaa,92.0,us,2018-05-24 14:07:47,100.0,14.422323439982193,-169.7853347503725,26.92,8.76
komsomolskiy,12.0,ru,2018-05-24 14:07:49,80.0,79.84566339549971,174.44729277051067,-10.69,0.16
aklavik,68.0,ca,2018-05-24 14:07:50,100.0,71.92190816658987,-139.33112066205462,-4.89,8.31
goderich,76.0,sl,2018-05-24 14:07:52,100.0,2.1877449673777107,-22.598661668312076,25.97,2.51
qaanaaq,80.0,gl,2018-05-24 14:07:53,100.0,88.6743040177515,-86.22690762209282,-2.69,3.86
garbolovo,0.0,ru,2018-05-24 14:07:55,64.0,60.83257302726139,30.82820969711875,12.72,2.01
puerto escondido,88.0,mx,2018-05-24 14:07:56,100.0,4.98563900388551,-102.2057142420285,25.67,3.56
oistins,44.0,bb,2018-05-24 14:07:58,100.0,12.473277746684829,-58.79012129265297,26.42,7.06
khatanga,92.0,ru,2018-05-24 14:07:59,99.0,81.16115045346382,99.5826923645132,0.02,6.06
tsihombe,64.0,mg,2018-05-24 14:08:01,100.0,-57.83962626768945,50.541600797795894,0.72,9.21
poum,92.0,nc,2018-05-24 14:08:02,100.0,-20.74986340378163,158.04535099377136,23.67,7.41
ribeira grande,0.0,pt,2018-05-24 14:08:03,100.0,38.48358545741314,-34.61454524423087,18.52,3.76
moose factory,0.0,ca,2018-05-24 14:08:05,59.0,50.46236378929163,-79.58018835701263,20.06,6.91
yulara,0.0,au,2018-05-24 14:08:06,58.0,-24.511422545020338,131.3063051013528,8.56,3.31
vuktyl,0.0,ru,2018-05-24 14:08:08,54.0,63.490008802950285,59.84764770853863,4.72,4.71
attawapiskat,90.0,ca,2018-05-24 13:44:00,92.0,58.21725017852131,-77.04475708938357,-5.0,8.7
provideniya,88.0,ru,2018-05-24 14:08:11,100.0,45.69201132486657,-179.7270347297115,5.61,7.51
isangel,76.0,vu,2018-05-24 14:08:12,100.0,-24.201879882837005,178.5126977052014,22.57,2.86
talnakh,80.0,ru,2018-05-24 14:08:14,92.0,80.16925668539201,92.76961874249531,-3.09,2.06
riyadh,0.0,sa,2018-05-24 14:08:15,10.0,23.511028030559018,45.025480239313794,36.77,3.66
kununurra,0.0,au,2018-05-24 14:08:16,36.0,-20.344168990797286,129.9308247248029,13.17,2.56
hiroshima,75.0,jp,2018-05-24 13:55:00,82.0,34.50249885419598,132.71711063430035,19.0,1.5
cururupu,68.0,br,2018-05-24 14:08:19,99.0,7.66664466361037,-40.432876746226356,26.61,7.61
barentsburg,32.0,sj,2018-05-24 14:08:21,100.0,81.13285910812834,8.916349418786893,-1.49,4.81
bengkulu,56.0,id,2018-05-24 14:08:22,100.0,-6.222163922295707,100.46916835488406,28.57,4.76
aksarka,0.0,ru,2018-05-24 14:08:24,64.0,64.37680388512103,68.25354329907915,3.47,6.81
luderitz,80.0,na,2018-05-24 14:08:25,100.0,-32.55245353680849,1.6763143983976647,18.56,4.06
port lincoln,56.0,au,2018-05-24 14:08:26,95.0,-41.40233716624687,130.5055204761661,13.42,10.21
mwinilunga,0.0,zm,2018-05-24 14:08:28,41.0,-11.725198100825253,24.085929309438484,24.72,1.11
doha,12.0,kw,2018-05-24 14:08:29,14.0,29.200238319774826,46.629962604505465,38.72,3.61
chuy,80.0,uy,2018-05-24 14:08:31,100.0,-61.93665538802703,-23.76459750339012,-2.69,11.26
the valley,76.0,ai,2018-05-24 14:08:32,97.0,20.951151464970494,-63.184859530348916,25.82,5.56
karla,0.0,ee,2018-05-24 12:50:00,55.0,58.91470840731225,22.100413377784747,17.0,3.6
hofn,8.0,is,2018-05-24 14:08:35,100.0,62.08213983976066,-13.88362146856636,8.27,13.71
kruisfontein,92.0,za,2018-05-24 14:08:37,100.0,-42.23261549830098,25.565368781558703,11.36,6.56
husavik,76.0,is,2018-05-24 14:08:38,92.0,71.03422585415444,-13.57198004211611,2.77,4.66
constitucion,44.0,mx,2018-05-24 14:08:39,100.0,23.044466452018554,-112.9617707097986,20.22,7.36
sabha,92.0,ly,2018-05-24 14:08:41,19.0,28.971480367788857,13.237702390529961,34.47,7.16
walvis bay,0.0,na,2018-05-24 14:08:42,100.0,-24.049274229610077,9.545233809397615,20.27,9.16
hobart,80.0,au,2018-05-24 14:08:44,95.0,-63.505113307379446,149.8452286302799,-2.19,12.21
tuatapere,80.0,nz,2018-05-24 14:08:45,100.0,-47.71736821033837,163.66900164276302,9.06,6.51
lebu,48.0,cl,2018-05-24 14:08:47,100.0,-30.784570750365944,-99.74650251962353,19.56,11.26
marienburg,92.0,sr,2018-05-24 14:08:48,100.0,10.436399583787647,-54.73300748887537,26.57,7.06
codrington,44.0,ag,2018-05-24 14:08:50,100.0,26.176046451960886,-49.79418565941768,23.07,4.01
nchelenge,0.0,zm,2018-05-24 14:08:51,36.0,-9.181070404475491,28.414697907874938,26.32,1.61
nuuk,88.0,gl,2018-05-24 14:08:52,100.0,60.32375642980216,-55.48159977716105,0.31,5.16
asau,68.0,tv,2018-05-24 14:08:54,100.0,-9.434433680658543,179.3701744470144,28.07,4.81
burica,24.0,pa,2018-05-24 14:08:55,100.0,4.148894797717503,-83.76752816381153,26.47,3.16
dingle,32.0,ie,2018-05-24 14:08:57,100.0,49.95644370394376,-16.291246805388027,12.11,10.66
warqla,0.0,dz,2018-05-24 14:08:58,22.0,31.526132958295676,2.9026760203474,34.72,3.76
tabou,0.0,ci,2018-05-24 14:09:00,100.0,-4.495029390527364,-5.584578625780864,26.72,6.76
saskylakh,8.0,ru,2018-05-24 14:09:01,71.0,70.4736025174629,118.5101612514847,9.52,2.76
tasiilaq,12.0,gl,2018-05-24 14:09:02,95.0,66.65197900229083,-31.26029186385091,2.06,2.21
bacolod,92.0,ph,2018-05-24 14:09:04,100.0,9.554549767367234,129.32459365246063,29.92,4.56
ligayan,36.0,ph,2018-05-24 14:09:05,98.0,3.7810924266552774,119.38246962016143,30.42,3.66
georgetown,20.0,sh,2018-05-24 14:09:07,100.0,-12.488799547944268,-21.747915533668504,25.17,7.81
marzuq,0.0,ly,2018-05-24 14:09:08,9.0,23.333031105887187,14.105219102864169,41.42,4.71
adrar,0.0,dz,2018-05-24 14:09:10,10.0,29.14472243828118,-3.3915988759315496,33.32,8.11
labuhan,0.0,id,2018-05-24 14:09:11,100.0,-20.089715599223965,94.25269739100264,22.57,12.56
bilma,0.0,ne,2018-05-24 14:09:13,9.0,21.34810864038272,14.832850633745494,42.17,1.96
shelopugino,0.0,ru,2018-05-24 14:09:14,78.0,51.84693467560277,117.36015086991648,3.42,1.31
wanaka,76.0,nz,2018-05-24 14:09:15,100.0,-42.81092255582719,168.4739186363903,11.72,9.71
tautira,80.0,pf,2018-05-24 14:09:17,100.0,-16.816281829806442,-142.72985467457045,25.67,4.31
broome,0.0,au,2018-05-24 14:09:18,49.0,-18.84162528641957,123.72424669963868,17.22,1.76
dongsheng,0.0,cn,2018-05-24 14:09:20,63.0,39.05285210960952,109.49264844596621,12.42,1.86
tokur,92.0,ru,2018-05-24 14:09:21,93.0,54.96134584701801,131.8150065848829,4.17,0.96
chebarkul,80.0,ru,2018-05-24 14:09:23,30.0,55.095454343972165,60.310760018781,23.47,7.46
xinqing,76.0,cn,2018-05-24 14:09:24,95.0,48.527798417491454,129.71211051437427,6.31,3.16
toliary,0.0,mg,2018-05-24 14:09:26,100.0,-23.920888517703105,41.76572466504848,26.11,2.51
kohlu,0.0,pk,2018-05-24 14:09:27,14.0,29.76802068027463,68.82317428716686,24.97,2.41
yellowknife,56.0,ca,2018-05-24 14:09:29,99.0,73.37230147475898,-102.60585577710202,-6.79,7.96
vostok,48.0,ru,2018-05-24 14:09:30,88.0,48.52271447747856,146.59662201373817,4.06,3.36
bethel,32.0,us,2018-05-24 14:09:32,97.0,57.49128366694907,-163.05175189599748,4.67,5.46
beringovskiy,92.0,ru,2018-05-24 14:09:33,98.0,57.719539837260555,175.08025002,4.06,8.11
bara,0.0,sd,2018-05-24 14:09:35,18.0,16.250502376504897,29.372549762157007,39.52,1.66
mount gambier,68.0,au,2018-05-24 14:09:36,100.0,-39.35702783126118,139.6643903387175,12.22,1.51
kurilsk,76.0,ru,2018-05-24 14:09:38,92.0,47.11118417165909,146.45729996158917,4.67,1.96
bintulu,0.0,my,2018-05-24 14:09:39,100.0,4.391037177507286,112.48765065273955,29.02,1.56
jamestown,76.0,sh,2018-05-24 14:09:41,100.0,-24.718235521260794,-8.986915783090126,20.97,3.16
manggar,88.0,id,2018-05-24 14:09:42,100.0,-4.438642740133048,107.88899157857338,28.67,4.51
jucuapa,20.0,sv,2018-05-24 13:50:00,79.0,13.563295996941676,-88.41536736487772,29.0,1.0
ponta do sol,68.0,cv,2018-05-24 14:09:45,100.0,22.126257859046518,-32.3184331523498,21.47,6.96
west plains,90.0,us,2018-05-24 12:53:00,88.0,36.73501631530827,-91.44850601579616,21.0,1.41
mahanoro,24.0,mg,2018-05-24 14:09:48,100.0,-20.467047837120163,50.428461144847546,25.42,5.66
upernavik,56.0,gl,2018-05-24 14:09:50,100.0,71.73766072090206,-58.136104730459905,-2.89,2.71
javier,76.0,ph,2018-05-24 14:09:51,93.0,10.811553229070554,124.85975400779802,27.57,2.51
megion,100.0,ru,2018-05-24 14:09:52,85.0,59.610224421704686,75.56166207836935,11.17,4.21
nalut,0.0,ly,2018-05-24 14:09:54,26.0,31.150998457696602,9.205276741070378,36.72,2.56
aranos,0.0,na,2018-05-24 14:09:55,12.0,-25.24484696543955,19.732767946791967,26.82,1.96
kasongo-lunda,24.0,cd,2018-05-24 14:09:57,45.0,-4.978351274124023,16.800779580734144,31.82,0.26
cabo san lucas,92.0,mx,2018-05-24 14:09:58,100.0,12.165227184638383,-119.01967088931073,27.57,4.46
narsaq,75.0,gl,2018-05-24 13:00:00,85.0,82.23578425599203,-61.26490559792764,-10.0,3.6
ondjiva,100.0,ao,2018-05-24 14:10:01,22.0,-16.712661557591247,16.27084520826608,26.27,2.56
marang,32.0,my,2018-05-24 14:10:04,100.0,6.211470202472427,105.7837902815092,29.57,0.61
nyurba,20.0,ru,2018-05-24 14:10:05,53.0,64.99857480281975,116.95779861130586,11.22,3.36
kushnarenkovo,92.0,ru,2018-05-24 14:10:07,36.0,55.32928519062827,55.13877680467914,23.22,6.26
horasan,92.0,tr,2018-05-24 14:10:08,93.0,39.67460196516433,42.046746140331265,10.67,1.36
torbay,92.0,ca,2018-05-24 14:10:10,93.0,42.32114945032586,-50.639919004717484,13.47,6.01
chitrakonda,20.0,in,2018-05-24 14:10:11,94.0,17.92036801486566,81.95239534896848,21.97,0.76
mys shmidta,88.0,ru,2018-05-24 14:10:13,92.0,72.65224920729085,-179.7837594363736,-4.79,5.86
hilo,76.0,us,2018-05-24 14:10:14,100.0,14.503650097931796,-150.27518358794129,25.57,8.71
kaitangata,92.0,nz,2018-05-24 14:10:16,100.0,-50.18183077077514,172.34445657598957,7.06,10.76
puerto madryn,12.0,ar,2018-05-24 14:10:17,67.0,-42.39956966116714,-64.80673445803085,14.97,7.01
debre tabor,36.0,et,2018-05-24 14:10:18,23.0,11.774221962944281,38.39142629663951,24.82,1.76
cayenne,80.0,gf,2018-05-24 14:10:20,100.0,13.035754463122757,-46.726090648466084,25.17,7.41
verkh-usugli,0.0,ru,2018-05-24 14:10:21,85.0,53.35392123897893,115.50051550536784,2.42,1.11
eskasem,32.0,af,2018-05-24 14:10:22,100.0,36.451515473387985,71.64512196359368,-4.09,0.71
harper,20.0,lr,2018-05-24 14:10:24,99.0,-1.7827311576726714,-9.620854948499186,27.02,6.96
yaring,80.0,th,2018-05-24 14:10:25,100.0,8.795605942528056,102.63836561477677,28.82,0.76
sitka,88.0,us,2018-05-24 14:10:27,100.0,52.25730497669463,-136.89127187023735,8.42,7.71
longyearbyen,68.0,sj,2018-05-24 14:10:28,100.0,86.22872293943954,16.85241368507704,-3.49,3.56
bosanska krupa,56.0,ba,2018-05-24 14:10:29,73.0,44.8704280359824,16.088969614846008,22.42,1.36
evansville,1.0,us,2018-05-24 13:35:00,60.0,38.27886504393658,-87.59409017623234,24.0,2.6
huarmey,0.0,pe,2018-05-24 14:10:32,100.0,-11.010880615499161,-80.44995623823777,19.31,5.01
erenhot,68.0,cn,2018-05-24 14:10:34,20.0,44.56587469270869,110.60088240569303,21.61,5.71
newport,76.0,us,2018-05-24 14:10:35,98.0,45.192782397626615,-126.8283704379453,12.77,6.46
begampur,75.0,in,2018-05-24 14:00:00,79.0,22.73264547826082,88.1384614681503,30.0,6.7
katsuura,0.0,jp,2018-05-24 14:10:38,100.0,19.561558178146797,149.25722158237932,28.07,1.36
raudeberg,0.0,no,2018-05-24 14:10:39,100.0,64.12490823554879,2.322139936057056,9.17,7.16
kamaishi,0.0,jp,2018-05-24 14:10:41,97.0,38.646412644857946,142.65848254835794,15.56,3.66
saint george,0.0,bm,2018-05-24 14:10:42,100.0,36.432560363923045,-65.7012533948141,21.82,5.46
avera,56.0,pf,2018-05-24 14:10:43,100.0,-25.047865658426886,-152.4611735246268,23.61,3.56
les cayes,56.0,ht,2018-05-24 14:10:45,97.0,16.220211438027192,-74.83287979444813,27.57,11.41
bur gabo,92.0,so,2018-05-24 14:10:46,100.0,-2.4837118095129114,43.87968185752942,27.22,6.71
labutta,12.0,mm,2018-05-24 14:10:48,100.0,15.605430735071181,91.66468933267828,30.77,6.81
loa janan,80.0,id,2018-05-24 14:10:49,96.0,0.09786770797070687,115.12506989714717,22.61,0.76
muisne,8.0,ec,2018-05-24 14:10:51,100.0,2.012606266414238,-83.00911835312147,25.22,2.66
zyryanka,76.0,ru,2018-05-24 14:10:52,86.0,67.55487627127818,149.61857947514937,-3.69,1.81
makakilo city,92.0,us,2018-05-24 14:10:53,100.0,6.391478012302656,-166.5671725500764,26.52,6.46
bermeo,24.0,es,2018-05-24 14:10:55,98.0,44.234497227022786,-2.67749275619056,17.92,5.66
hirara,0.0,jp,2018-05-24 14:10:56,100.0,26.372275964068123,124.43842893731124,25.42,2.21
pavagada,64.0,in,2018-05-24 14:10:57,85.0,14.198988700448794,77.32580255383846,22.92,1.81
auki,92.0,sb,2018-05-24 14:10:59,100.0,-6.983305095459926,161.64912639489177,28.77,4.66
gayny,80.0,ru,2018-05-24 14:11:00,45.0,60.08948130682029,53.98108504061767,12.72,3.76
los alamos,1.0,us,2018-05-24 13:35:00,47.0,36.18605263241524,-106.87135443930704,15.0,0.96
stuttgart,40.0,us,2018-05-24 13:34:00,88.0,34.24174294183075,-91.6732160104716,23.0,2.1
urubicha,0.0,bo,2018-05-24 14:11:04,47.0,-15.375845690941759,-61.84282950778113,26.32,2.21
powell river,36.0,ca,2018-05-24 14:11:06,67.0,51.436073903259995,-124.08382307609483,9.67,1.06
pierre,0.0,us,2018-05-24 12:56:00,87.0,44.65395771347852,-101.63047851766866,15.0,5.7
sioux lookout,1.0,ca,2018-05-24 13:00:00,59.0,53.32357464599417,-90.92255195822266,19.0,1.56
jardim,0.0,br,2018-05-24 14:11:10,100.0,4.432776093959319,-33.753807395243,26.67,6.01
nome,76.0,us,2018-05-24 14:11:12,99.0,67.2868879145972,-166.91985283184886,-0.79,3.56
tilichiki,0.0,ru,2018-05-24 14:11:13,96.0,60.62549516849276,165.15202347757702,-1.59,0.96
porto novo,32.0,cv,2018-05-24 14:11:14,100.0,14.41647102976816,-37.174424624749975,23.67,7.51
anito,44.0,ph,2018-05-24 14:11:16,100.0,13.129613077628548,126.19062993690306,29.11,5.81
itarema,64.0,br,2018-05-24 14:11:17,100.0,6.964000187028731,-36.132545478272334,26.32,7.01
norman wells,12.0,ca,2018-05-24 14:11:18,100.0,73.4478081810976,-118.76444917490842,-6.29,2.06
greenville,20.0,us,2018-05-24 13:10:00,94.0,33.73191769393891,-91.15531642229622,23.0,2.76
beisfjord,12.0,no,2018-05-24 13:20:00,22.0,65.92709387763963,18.06225496407623,19.0,5.1
pudozh,0.0,ru,2018-05-24 14:11:23,38.0,62.3148064773703,37.48010213373311,12.77,3.66
pecos,1.0,us,2018-05-24 13:35:00,72.0,31.479784157776507,-103.33653750423704,18.0,2.1
padang,80.0,id,2018-05-24 14:11:26,100.0,-5.499494104885741,94.4256018600559,29.17,4.21
karratha,88.0,au,2018-05-24 14:11:27,100.0,-19.573889930621746,112.41742934915516,26.02,5.81
chokurdakh,24.0,ru,2018-05-24 14:11:28,92.0,80.37024659412444,151.12224765623654,-5.79,4.11
akdepe,0.0,tm,2018-05-24 14:11:30,13.0,42.797678817751404,57.517682648144785,27.82,5.41
nhulunbuy,56.0,au,2018-05-24 14:11:31,100.0,-12.654503468699176,140.2255217283897,26.67,11.41
miracema do tocantins,92.0,br,2018-05-24 14:11:32,40.0,-8.781205124615951,-48.113776590716554,32.82,3.36
buckeye,1.0,us,2018-05-24 13:35:00,19.0,33.08751630431449,-113.24116112635619,20.0,1.76
matane,20.0,ca,2018-05-24 13:00:00,67.0,48.73590678534259,-67.63503138523086,9.0,4.6
putatan,75.0,my,2018-05-24 13:30:00,89.0,5.8653375123648885,116.01699845987673,29.0,1.5
takoradi,64.0,gh,2018-05-24 14:11:38,100.0,-5.307206319420686,-0.8211595187231353,26.42,7.66
vanavara,8.0,ru,2018-05-24 14:11:39,64.0,60.05813605997798,104.04096989427177,6.22,2.21
bolungarvik,8.0,is,2018-05-24 14:11:41,93.0,67.16858808483016,-24.24541502433894,3.36,3.16
lagoa,80.0,pt,2018-05-24 14:11:42,95.0,50.46678968685259,-32.95806109170209,10.31,7.61
astrea,36.0,co,2018-05-24 14:11:44,77.0,9.559922481423882,-73.87505813065097,28.72,1.41
enid,75.0,us,2018-05-24 13:46:00,83.0,36.7148613311263,-97.61360696824654,24.0,4.6
mitchell,40.0,us,2018-05-24 13:35:00,77.0,42.57211533005386,-98.86092820116893,20.0,2.1
benicarlo,8.0,es,2018-05-24 14:11:48,64.0,40.24100720782863,0.18051263140833385,19.72,1.51
uyo,24.0,ng,2018-05-24 14:11:49,73.0,4.923684850858763,7.965609107620992,29.57,4.91
luau,68.0,ao,2018-05-24 14:11:50,25.0,-11.877268016108502,22.243622094113846,29.86,2.41
ancud,20.0,cl,2018-05-24 14:11:52,100.0,-39.35713846530439,-104.95227018913674,11.22,12.41
porto velho,24.0,br,2018-05-24 14:11:53,74.0,-8.42549772991947,-64.73117304716548,29.32,3.01
moron,100.0,mn,2018-05-24 14:11:55,33.0,46.68908193345169,99.71125567542197,12.42,4.56
korla,92.0,cn,2018-05-24 14:11:56,13.0,38.877238506580966,87.19816028804519,20.42,8.81
thabazimbi,8.0,za,2018-05-24 14:11:57,32.0,-24.639365286297675,27.860960564338342,23.22,1.11
portland,88.0,au,2018-05-24 14:11:59,98.0,-59.53964603116583,128.75193014715228,1.86,14.86
manzanillo,64.0,mx,2018-05-24 14:12:00,100.0,14.373427649110354,-106.64112007362439,27.42,2.91
saleaula,80.0,ws,2018-05-24 14:12:01,100.0,-12.01158263403471,-171.85092923003623,28.17,4.66
bambous virieux,76.0,mu,2018-05-24 14:12:03,100.0,-28.648218673446102,72.0889407052297,20.57,5.71
nizhneyansk,80.0,ru,2018-05-24 14:12:04,98.0,80.54095150587722,142.01061455551672,-0.84,6.71
camana,68.0,pe,2018-05-24 14:12:06,100.0,-21.653570332526087,-77.11311783523624,17.92,4.31
bani walid,0.0,ly,2018-05-24 14:12:07,26.0,31.420931328479597,13.937502147074667,33.36,4.26
carnarvon,92.0,au,2018-05-24 14:12:08,100.0,-30.796894547067296,89.89903972632175,18.36,8.86
plettenberg bay,100.0,za,2018-05-24 14:12:10,100.0,-34.3233542146344,23.479752183277213,16.22,2.41
kulhudhuffushi,88.0,mv,2018-05-24 14:12:11,98.0,7.619493255432474,64.86044933726137,30.17,6.81
jumla,0.0,np,2018-05-24 14:12:13,74.0,30.446199026785294,82.6652143211852,-12.69,1.06
mezen,12.0,ru,2018-05-24 14:12:14,93.0,67.84904518386529,45.66101904410192,1.72,5.86
saint-augustin,32.0,ca,2018-05-24 14:12:15,100.0,57.1785984260768,-59.049242935972615,-1.89,1.36
krasnoselkup,92.0,ru,2018-05-24 14:12:17,95.0,63.55539734635428,81.79186337325808,3.67,6.11
kutum,76.0,sd,2018-05-24 14:12:18,13.0,16.371599807600404,26.345724941797158,39.11,5.11
port macquarie,64.0,au,2018-05-24 14:12:20,100.0,-32.21196721362586,158.31714718522164,19.56,8.71
karasburg,0.0,na,2018-05-24 14:12:21,31.0,-28.10275108657614,17.806219828840227,25.27,2.56
makokou,56.0,ga,2018-05-24 14:12:22,88.0,1.3424076814703767,13.203445076918001,24.97,1.31
gvarv,0.0,no,2018-05-24 13:20:00,31.0,59.42703882246872,9.173609761417708,25.0,4.6
boa vista,24.0,br,2018-05-24 14:12:25,84.0,3.416246191591526,-61.38174676025851,27.92,1.66
pacific grove,80.0,us,2018-05-24 14:12:26,100.0,30.521859170840997,-129.02754421688792,17.22,3.66
new norfolk,0.0,au,2018-05-24 14:12:28,0.0,-73.92306643815066,124.74164888144509,-71.09,3.16
sabang,44.0,id,2018-05-24 14:12:29,100.0,5.856578732770203,88.71618008291966,27.97,6.71
kamenka,0.0,ru,2018-05-24 14:12:31,97.0,70.48613477696955,44.10605355291949,2.17,6.61
lac du bonnet,5.0,ca,2018-05-24 13:00:00,52.0,53.45744199547582,-94.37351297748089,20.0,1.5
waipawa,24.0,nz,2018-05-24 14:12:33,96.0,-43.21938014691405,178.5897378770931,13.81,9.16
san patricio,88.0,mx,2018-05-24 14:12:35,100.0,14.74563613068824,-107.10714407158527,26.57,3.41
mecca,88.0,sa,2018-05-24 14:12:36,10.0,20.399370104485683,40.64328047035531,36.42,0.66
cidreira,68.0,br,2018-05-24 14:12:38,97.0,-45.802075498859224,-30.451287759961303,11.42,8.71
half moon bay,90.0,us,2018-05-24 13:40:00,87.0,37.03204481577822,-122.89400128195552,11.0,0.91
sinnamary,64.0,gf,2018-05-24 14:12:40,100.0,9.083040005329977,-51.00442858663794,25.77,6.46
wewak,44.0,pg,2018-05-24 14:12:42,100.0,-4.085599765132216,143.4138195450367,24.47,0.96
snasa,48.0,no,2018-05-24 14:12:43,46.0,63.74951530215404,12.185122535130745,19.61,0.66
kholodnyy,20.0,ru,2018-05-24 14:12:45,89.0,61.687587560171835,147.31908628892523,-0.34,1.11
jalu,64.0,ly,2018-05-24 14:12:46,14.0,27.298906783614072,21.57297721618457,38.97,5.26
gubkinskiy,12.0,ru,2018-05-24 14:12:47,87.0,64.32655505913385,75.46580654298583,0.77,8.36
kavaratti,32.0,in,2018-05-24 14:12:49,100.0,11.903232455166759,64.4739167979547,29.92,8.81
qaqortoq,75.0,gl,2018-05-24 12:50:00,47.0,61.051083588995255,-46.248646703595284,3.0,4.1
saint-denis,0.0,re,2018-05-24 14:12:51,100.0,-19.524754531559594,55.54550722125171,26.11,8.96
vao,8.0,nc,2018-05-24 14:12:53,100.0,-26.09130021290698,168.67326976382253,20.86,3.91
abeche,68.0,td,2018-05-24 14:12:54,21.0,13.055910426277123,20.868216916747258,38.27,2.21
santa ines,0.0,br,2018-05-24 14:12:56,58.0,-13.186662641148601,-39.96381782998935,26.42,3.91
umm kaddadah,80.0,sd,2018-05-24 14:12:57,14.0,15.386318602596276,26.27657192164736,37.61,4.81
segezha,56.0,ru,2018-05-24 14:12:59,34.0,63.62377863094633,34.30105196516601,13.17,2.06
kamenskoye,0.0,ru,2018-05-24 14:13:00,92.0,63.633706122395324,162.97694631138774,-0.49,1.16
borogontsy,0.0,ru,2018-05-24 14:13:01,35.0,62.46821499111232,131.2912524732074,12.47,1.76
svencioneliai,75.0,lt,2018-05-24 13:20:00,43.0,54.97049817067477,25.985608244725768,22.0,5.7
coahuayana,8.0,mx,2018-05-24 14:13:04,100.0,0.6348459599373513,-112.8766556941392,25.11,4.66
pangnirtung,8.0,ca,2018-05-24 14:13:05,100.0,61.83267889929769,-61.49652600962378,-3.04,3.16
guisa,40.0,cu,2018-05-24 13:50:00,54.0,19.865527846071856,-76.43085611154308,29.0,2.6
vienne,0.0,fr,2018-05-24 13:30:00,44.0,45.384448961787086,4.777352014493317,26.0,2.6
maxixe,80.0,mz,2018-05-24 14:13:10,52.0,-24.51325522286554,34.75084110585507,27.27,2.76
nikolskoye,68.0,ru,2018-05-24 14:13:11,97.0,47.647644141343164,172.80335594293456,4.56,7.41
victoria,88.0,sc,2018-05-24 14:13:12,100.0,-8.214868907934871,64.67080630303298,27.72,9.21
haukipudas,8.0,fi,2018-05-24 13:20:00,37.0,64.87930514677831,25.06786464136718,13.0,6.7
lavrentiya,88.0,ru,2018-05-24 14:13:15,99.0,69.06349773583273,-168.95732422999868,-0.04,0.46
petropavlovsk-kamchatskiy,56.0,ru,2018-05-24 14:13:17,99.0,51.839581316160775,158.35201208890476,3.42,4.11
sestri levante,40.0,it,2018-05-24 12:55:00,73.0,43.95849448291813,9.237182096056273,22.0,2.1
irati,20.0,br,2018-05-24 14:13:19,98.0,-25.569457366100607,-50.45653674340315,16.42,2.41
vardo,12.0,no,2018-05-24 14:13:21,92.0,77.73149934129358,35.8361299654826,-0.09,6.91
shenjiamen,0.0,cn,2018-05-24 14:13:22,100.0,29.78982452018856,123.63366263185696,21.32,4.51
orsta,0.0,no,2018-05-24 13:20:00,48.0,62.094869957033495,6.2740739380853086,19.0,2.6
esperance,0.0,au,2018-05-24 14:13:25,100.0,-32.38777741023333,126.92897291644687,16.61,9.86
mahajanga,0.0,mg,2018-05-24 14:13:26,60.0,-16.134790921452648,45.169206766140064,29.61,1.36
petropavlovka,24.0,ru,2018-05-24 14:13:28,84.0,50.85148816033555,104.97773578228674,8.81,1.66
pyaozerskiy,92.0,ru,2018-05-24 14:13:29,41.0,66.29889296076331,31.120530294039128,10.47,2.86
galle,92.0,lk,2018-05-24 14:13:31,100.0,5.1037208438063,78.83648395285383,25.32,12.01
rio rancho,0.0,us,2018-05-24 14:13:32,18.0,35.77169920274332,-107.08724659148702,17.31,0.96
juneau,20.0,us,2018-05-24 14:13:34,91.0,58.09639299294196,-132.87312533021884,-0.79,0.91
yining,0.0,cn,2018-05-24 14:13:35,81.0,44.58341647472011,81.55113832450456,-1.79,1.21
palmer,92.0,us,2018-05-24 14:13:36,100.0,58.548460441201314,-144.10476371900393,6.97,7.26
benjamin aceval,0.0,py,2018-05-24 14:13:38,62.0,-24.1927895094599,-58.03132564164885,20.67,2.11
fare,92.0,pf,2018-05-24 14:13:39,100.0,-11.860756879233904,-149.35116150706222,26.17,7.06
clyde river,68.0,ca,2018-05-24 14:13:41,100.0,67.5077345984468,-69.08565934795091,-7.09,2.26
meulaboh,24.0,id,2018-05-24 14:13:42,100.0,-3.079600358581814,90.3116536023868,27.77,2.56
zhigansk,68.0,ru,2018-05-24 14:13:43,75.0,70.57280302895109,120.46411752706064,4.56,4.06
rungata,88.0,ki,2018-05-24 14:13:45,100.0,1.769289640315094,179.43748645454866,28.17,4.56
oussouye,0.0,sn,2018-05-24 14:13:46,100.0,10.770359943218168,-20.46132484660808,23.42,4.91
esil,0.0,kz,2018-05-24 14:13:48,37.0,52.529060251473226,66.05371701129525,22.77,5.61
oneonta,1.0,us,2018-05-24 12:53:00,82.0,42.674856557783585,-75.46154270297215,17.0,1.76
banjar,80.0,id,2018-05-24 14:13:51,96.0,-12.839252210434012,106.4154822864578,28.82,5.21
pali,0.0,in,2018-05-24 14:13:52,11.0,25.97515369261778,73.31833173358496,34.17,3.91
gimli,24.0,ca,2018-05-24 14:13:53,35.0,53.129818745477166,-96.37840247744111,26.61,1.51
kayasula,32.0,ru,2018-05-24 14:13:55,59.0,44.42677061933844,45.1055626529091,27.57,1.66
cedar rapids,1.0,us,2018-05-24 13:35:00,57.0,41.83264932140659,-91.82941095342156,25.0,2.6
massaguet,0.0,td,2018-05-24 14:13:58,29.0,12.347258891844135,15.828824866003714,38.47,4.81
araouane,0.0,ml,2018-05-24 14:13:59,10.0,19.336431591226273,-5.167679007719528,44.57,6.46
vestmannaeyjar,0.0,is,2018-05-24 14:14:00,100.0,54.63202162314036,-20.213938007497205,9.67,5.26
jurilovca,20.0,ro,2018-05-24 13:30:00,28.0,44.681792243060556,29.192090594524785,29.0,2.6
nioro,0.0,ml,2018-05-24 14:14:03,19.0,18.353768615612793,-10.134752093728991,40.47,4.71
eyl,76.0,so,2018-05-24 14:14:05,97.0,5.127037273599541,54.54324068231628,29.47,11.91
dawei,56.0,mm,2018-05-24 14:14:06,100.0,13.650448269928532,97.25179660932258,30.02,4.11
verkhoyansk,0.0,ru,2018-05-24 14:14:07,86.0,67.17241743299445,132.073239750371,7.17,0.91
babu,44.0,cn,2018-05-24 14:14:09,67.0,24.458412890009285,110.73237870297334,27.92,3.56
la union,0.0,es,2018-05-24 13:00:00,60.0,37.537917752719665,-0.8184927101466428,29.0,9.3
gurmatkal,12.0,in,2018-05-24 14:14:12,58.0,16.9118811774067,77.50752732753,27.97,3.16
aden,0.0,ye,2018-05-24 14:14:13,92.0,12.237173578554817,46.74508119826359,31.07,6.06
tidore,12.0,id,2018-05-24 14:14:15,100.0,-0.5747265199358083,128.472357811312,28.77,1.66
shimoda,0.0,jp,2018-05-24 14:14:16,100.0,22.81546613057239,141.59141509477115,28.07,3.81
hokitika,76.0,nz,2018-05-24 14:14:17,100.0,-42.84560328837994,170.59124618340877,10.06,8.06
mackenzie,36.0,ca,2018-05-24 14:14:19,53.0,55.92103975615487,-123.43145464035814,13.47,1.06
bukama,0.0,cd,2018-05-24 14:14:20,26.0,-9.395855832992908,27.13571433309994,29.72,2.21
bud,64.0,no,2018-05-24 14:14:21,100.0,74.28917312265557,2.1154919681076763,0.97,6.96
egvekinot,92.0,ru,2018-05-24 14:14:23,100.0,61.96129568139753,-178.34633573178078,2.36,7.51
nieuw amsterdam,68.0,sr,2018-05-24 14:14:24,98.0,7.806334318671247,-55.360038360197265,27.22,7.61
rapid valley,1.0,us,2018-05-24 12:55:00,87.0,44.4191756106473,-102.24416184107889,15.0,3.1
broken hill,48.0,au,2018-05-24 14:14:27,68.0,-28.91025459103558,139.72833844279273,14.56,5.01
longlac,0.0,ca,2018-05-24 14:14:28,60.0,51.002846477520535,-85.60367340229003,24.36,3.41
funtua,0.0,ng,2018-05-24 14:14:30,47.0,11.312259136280957,6.5798897789752,35.57,2.01
hutchinson,1.0,us,2018-05-24 12:56:00,77.0,38.37764841940799,-97.63837754952984,21.0,2.1
ugoofaaru,80.0,mv,2018-05-24 14:14:33,97.0,6.073158050609891,65.46814350727757,30.22,5.86
gorontalo,24.0,id,2018-05-24 14:14:34,100.0,0.9029836408976024,122.54679233327823,28.92,2.26
touros,56.0,br,2018-05-24 14:14:36,100.0,-2.3632199168179113,-34.50538738177863,25.86,2.46
kuminskiy,20.0,ru,2018-05-24 14:14:37,89.0,58.80216270531065,67.27124532968858,9.47,3.76
salalah,0.0,om,2018-05-24 14:14:38,8.0,19.707811383880525,50.257797058431976,37.02,3.21
poykovskiy,0.0,ru,2018-05-24 13:30:00,75.0,61.795772693831594,73.25981645517882,6.0,6.0
kualakapuas,76.0,id,2018-05-24 14:14:41,94.0,-2.200232553628595,114.36393063859242,24.17,0.96
tarko-sale,64.0,ru,2018-05-24 14:14:43,95.0,64.20981082804647,78.0456664954379,2.11,6.06
mar del plata,88.0,ar,2018-05-24 14:14:44,100.0,-67.2848484683029,-28.483994306945135,-6.74,3.46
rocha,32.0,uy,2018-05-24 14:14:45,100.0,-41.271405398920685,-47.997765099565925,12.97,11.06
lompoc,92.0,us,2018-05-24 14:14:47,100.0,22.255562551106067,-131.59889556372283,20.72,2.91
bolivar,1.0,us,2018-05-24 13:15:00,100.0,37.757479518551264,-93.95514934682923,20.0,3.41
san quintin,0.0,mx,2018-05-24 14:14:50,100.0,26.538741578783856,-119.31770579323559,17.81,3.16
dalvik,68.0,is,2018-05-24 14:14:51,94.0,68.25872599054713,-19.036448783954796,3.22,3.01
acapulco,0.0,mx,2018-05-24 14:14:52,100.0,2.8741435942862807,-106.96279869979016,26.57,3.36
gamba,32.0,ga,2018-05-24 14:14:54,96.0,-1.870484549959059,10.050826292244238,25.82,1.21
sargatskoye,68.0,ru,2018-05-24 14:14:55,94.0,55.9354148272443,73.01106370186119,14.22,5.71
kodiak,92.0,us,2018-05-24 14:14:57,95.0,41.220418943298256,-148.56083676994712,11.77,8.06
marovoay,8.0,mg,2018-05-24 14:14:58,40.0,-17.097491410681442,46.14079576127378,29.72,5.61
mirina,20.0,gr,2018-05-24 13:20:00,57.0,39.57368020094626,25.126919643261914,25.0,7.7
marsa matruh,80.0,eg,2018-05-24 14:15:01,26.0,30.33748310641583,26.738390611212168,31.11,6.61
springbok,32.0,za,2018-05-24 14:15:02,100.0,-30.366165537919464,17.00303785909449,16.56,2.11
morros,20.0,br,2018-05-24 14:15:04,37.0,-8.866513985085078,-46.6084415651444,32.72,5.36
saquarema,76.0,br,2018-05-24 14:15:05,100.0,-24.107994998402887,-42.66257352357371,23.32,0.41
olovyannaya,0.0,ru,2018-05-24 14:15:06,59.0,51.158265586357714,115.92920082144565,6.92,2.91
artyom,0.0,az,2018-05-24 14:15:08,73.0,41.174793846164164,52.30576607709588,27.32,5.41
merritt island,24.0,us,2018-05-24 14:15:09,100.0,29.621039496475717,-78.8553359268439,24.97,5.01
eravur,92.0,lk,2018-05-24 14:15:10,100.0,7.989958167476843,81.73657827824468,23.86,3.46
mount pleasant,24.0,us,2018-05-24 14:15:12,100.0,31.994585625487545,-79.04421327325231,25.47,1.36
thunder bay,90.0,ca,2018-05-24 13:00:00,66.0,48.846531223785746,-89.2593890700753,13.0,2.1
port hedland,0.0,au,2018-05-24 14:15:15,58.0,-20.951929303791047,119.17324931551144,15.97,1.51
plyussa,64.0,ru,2018-05-24 14:15:16,44.0,58.39530664660069,29.106711543937735,22.22,3.46
barra do garcas,8.0,br,2018-05-24 14:15:18,46.0,-13.926798066058268,-52.717142617243965,29.27,5.26
ikoma,0.0,jp,2018-05-24 13:30:00,72.0,34.66805020735211,135.68625925759034,19.0,1.5
quang ngai,8.0,vn,2018-05-24 14:15:20,95.0,15.241254780203036,110.66974270687501,30.72,3.56
beidao,44.0,cn,2018-05-24 14:15:22,84.0,35.45078173740538,105.06809148634295,12.92,1.16
lima,68.0,pe,2018-05-24 14:15:23,100.0,-15.914459140549383,-83.53452879191202,19.72,6.11
manjeri,75.0,in,2018-05-24 14:00:00,74.0,11.173341357009676,76.28091493999375,30.0,3.6
aksay,0.0,kz,2018-05-24 14:15:26,18.0,49.5095451264055,53.177032073649144,30.32,4.46
bac lieu,64.0,vn,2018-05-24 14:15:27,100.0,6.115379405788573,108.26136927342759,29.32,1.66
praia da vitoria,0.0,pt,2018-05-24 14:15:29,100.0,41.870012482223046,-24.313741356783368,15.27,7.81
lahad datu,12.0,my,2018-05-24 14:15:30,100.0,5.028768911964548,118.53539080737772,30.02,2.86
sisimiut,68.0,gl,2018-05-24 14:15:31,100.0,66.76583581543784,-53.505650542389034,-1.34,2.51
mocuba,88.0,mz,2018-05-24 14:15:33,51.0,-16.32526340175724,38.441424014671725,28.02,3.16
sao joao da barra,36.0,br,2018-05-24 14:15:34,100.0,-28.650549763801145,-32.43393775068762,21.57,8.41
turukhansk,44.0,ru,2018-05-24 14:15:35,89.0,64.76360203679252,91.53893020126213,-1.79,3.81
whitianga,76.0,nz,2018-05-24 14:15:37,100.0,-33.08262256925139,178.46038656534824,19.17,9.91
port hardy,80.0,ca,2018-05-24 14:15:38,100.0,40.647046576172386,-141.9215602293807,12.42,5.61
mayumba,0.0,ga,2018-05-24 14:15:40,100.0,-8.298593189049882,5.298750332948117,25.86,7.06
severobaykalsk,12.0,ru,2018-05-24 14:15:41,89.0,54.82433293893246,108.32789245207579,2.81,0.86
seoul,12.0,kr,2018-05-24 14:15:43,87.0,36.52461727743581,124.82362903604911,15.92,6.76
yaan,68.0,cn,2018-05-24 14:15:44,96.0,29.682733046087023,103.11442892040247,15.06,0.26
bissau,0.0,gw,2018-05-24 13:00:00,52.0,11.932066546877024,-15.70811769729329,32.0,4.1
guilin,92.0,cn,2018-05-24 14:15:47,80.0,26.055979081365024,109.48305071643017,25.61,4.26
alofi,92.0,nu,2018-05-24 14:15:48,100.0,-20.100864552509194,-165.95877352890437,23.47,5.71
placido de castro,76.0,br,2018-05-24 14:15:50,79.0,-9.480689200716014,-66.56053480743158,25.97,2.11
san jose,0.0,bo,2018-05-24 14:00:00,54.0,-17.67810923038374,-60.519228752765486,26.0,4.1
cordareni,0.0,ro,2018-05-24 13:30:00,36.0,47.982339556778896,26.59288531722231,26.0,3.6
newport news,1.0,us,2018-05-24 13:56:00,57.0,36.859188868667076,-76.50753390637809,26.0,3.6
cortes,80.0,ph,2018-05-24 14:15:55,100.0,9.731823793343963,127.502998670409,29.97,4.36
letterkenny,0.0,ie,2018-05-24 14:15:56,97.0,56.31287909291191,-8.540498005389964,11.92,2.76
hamilton,80.0,bm,2018-05-24 14:15:58,100.0,25.875536586996958,-61.374360055827424,24.42,4.06
dhidhdhoo,88.0,mv,2018-05-24 14:15:59,100.0,7.817275508676943,74.07374181459318,27.92,9.61
kahului,64.0,us,2018-05-24 14:16:01,100.0,31.043431720213576,-147.40816389940855,17.31,7.01
caravelas,88.0,br,2018-05-24 14:16:02,100.0,-19.72987146002002,-30.25537886681647,24.72,2.71
byron bay,44.0,au,2018-05-24 14:16:04,100.0,-29.931950669021262,161.17006857346593,20.67,7.46
daru,92.0,pg,2018-05-24 14:16:05,100.0,-11.412813641306286,144.62171988087897,25.42,11.51
chinautla,75.0,gt,2018-05-24 14:00:00,88.0,14.683261986028214,-90.47908743105593,19.0,0.66
kyshtovka,92.0,ru,2018-05-24 14:16:08,66.0,57.811361776270104,76.46929899505193,11.52,3.76
kita,44.0,ml,2018-05-24 14:16:09,48.0,12.70010839124734,-9.006121092544959,36.47,2.06
ulety,44.0,ru,2018-05-24 14:16:10,61.0,51.153240235135144,112.7765700066152,9.81,2.41
amapa,32.0,br,2018-05-24 14:16:12,100.0,2.195548826174118,-48.616710520104306,27.42,6.16
forestville,44.0,ca,2018-05-24 14:16:13,46.0,49.75955570223155,-69.51637938273305,7.22,1.61
nguiu,0.0,au,2018-05-24 14:16:15,100.0,-10.429317444052842,131.48455288550957,28.22,8.11
westport,0.0,ie,2018-05-24 14:16:16,100.0,57.04356907389595,-15.422878964312275,9.22,7.71
tomino,40.0,es,2018-05-24 13:40:00,77.0,42.0285344745557,-8.562854040283781,20.0,4.1
old town,75.0,us,2018-05-24 12:53:00,62.0,45.08537642731753,-68.47517385115842,13.0,1.5
fairbanks,1.0,us,2018-05-24 13:53:00,100.0,64.10021450105705,-144.7134582087731,2.0,1.31
sveti nikole,75.0,mk,2018-05-24 13:30:00,77.0,41.92536239716219,21.8414629495814,19.0,3.1
plainview,90.0,us,2018-05-24 13:53:00,93.0,34.30824766224475,-100.64102250990366,19.0,5.1
meybod,20.0,ir,2018-05-24 13:30:00,10.0,32.20564356159848,54.052320998469725,31.0,2.1
tonj,0.0,sd,2018-05-24 14:16:26,47.0,7.6671814130274925,28.88224530509683,32.11,3.91
sarakhs,0.0,ir,2018-05-24 13:00:00,13.0,36.11740922204169,60.785276781856055,35.0,4.1
vila franca do campo,8.0,pt,2018-05-24 14:16:28,99.0,43.92428309161323,-20.561804723719064,14.72,10.31
scarborough,0.0,gb,2018-05-24 14:16:30,99.0,54.978824467330355,-0.3276211173881052,11.22,4.71
sur,36.0,om,2018-05-24 14:16:31,100.0,18.020922889264696,61.65282774816234,29.67,5.16
faanui,92.0,pf,2018-05-24 14:16:32,99.0,-7.034057378932701,-155.59646218424663,27.92,6.16
geraldton,92.0,au,2018-05-24 14:16:34,32.0,-28.645164882107693,116.94685054604844,23.97,12.16
ankang,32.0,cn,2018-05-24 14:16:35,88.0,32.651428589122844,109.89435293204536,16.72,0.86
valparaiso,0.0,mx,2018-05-24 14:16:37,21.0,22.85489050283232,-103.77430030526808,21.97,1.36
kurumkan,8.0,ru,2018-05-24 14:16:38,83.0,54.17744411402495,111.36694711091212,1.72,1.76
kokkola,0.0,fi,2018-05-24 13:50:00,33.0,63.821790610182944,23.820718738587374,17.0,4.6
soyo,0.0,ao,2018-05-24 14:16:41,100.0,-8.782496972174386,6.450722549521345,25.32,6.91
honiara,36.0,sb,2018-05-24 14:16:42,100.0,-11.259753570949286,158.83777787907258,26.97,9.16
inta,88.0,ru,2018-05-24 14:16:44,87.0,65.84554949361544,60.310078123301366,1.31,3.31
puerto leguizamo,64.0,co,2018-05-24 14:16:45,94.0,-1.8110616117996585,-73.99961142624113,25.36,1.51
wamba,44.0,cd,2018-05-24 14:16:46,69.0,1.7296390101418524,28.392083358509296,27.11,0.91
alice springs,0.0,au,2018-05-24 14:16:48,45.0,-21.565997332396122,133.91388732511444,11.36,4.26
gao,76.0,ml,2018-05-24 14:16:49,12.0,17.5564519069045,0.05245310814433424,43.92,2.41
kumluca,20.0,tr,2018-05-24 14:16:51,100.0,35.72256445346643,30.433354289537192,21.82,7.26
natal,92.0,br,2018-05-24 14:16:52,100.0,-4.664878430482219,-30.95003929620694,24.32,1.31
mahadday weyne,0.0,so,2018-05-24 14:16:53,42.0,3.9444514520967857,46.105252844476894,31.42,6.71
erzin,92.0,ru,2018-05-24 14:16:55,92.0,48.20187299235167,95.95408141879346,1.31,5.71
henties bay,0.0,na,2018-05-24 14:16:56,100.0,-24.910687236274427,5.054751559912148,20.06,6.36
baiyin,92.0,cn,2018-05-24 14:16:58,66.0,36.19250088810033,104.83762813720051,16.02,0.61
saldanha,24.0,za,2018-05-24 14:16:59,100.0,-41.93847425809202,1.6322710477744522,8.22,6.81
barawe,100.0,so,2018-05-24 14:17:01,99.0,-2.048586008953052,47.29644318874432,27.07,7.41
strezhevoy,92.0,ru,2018-05-24 14:17:02,84.0,59.849138767807744,78.78754683845267,8.27,4.66
tigzirt,0.0,dz,2018-05-24 14:17:03,92.0,37.834409697975715,4.441124856987585,19.36,10.96
malwan,68.0,in,2018-05-24 14:17:05,95.0,15.296249831903992,70.10974181548849,31.17,6.81
zhob,76.0,pk,2018-05-24 14:17:06,52.0,31.728972700438035,68.93632262550256,15.67,0.86
baghdad,0.0,iq,2018-05-24 14:17:07,15.0,31.15142107695536,43.82892822654091,36.72,7.01
deder,0.0,et,2018-05-24 14:17:09,55.0,9.28037096782434,41.365866130775714,22.11,0.71
rawson,0.0,ar,2018-05-24 14:17:10,93.0,-44.98581167138492,-61.25765516134692,11.86,10.56
emerald,92.0,au,2018-05-24 14:17:12,88.0,-25.25182192111113,146.16712369532536,12.47,1.51
shingu,92.0,jp,2018-05-24 14:17:13,100.0,27.707330741174886,137.59575927345833,24.61,2.56
kachikau,76.0,bw,2018-05-24 14:17:15,31.0,-18.687807738678387,23.95783176048471,26.22,2.76
kaduna,0.0,ng,2018-05-24 14:17:16,55.0,10.722412721667624,7.088140813847417,33.97,2.01
saint-joseph,64.0,re,2018-05-24 14:17:17,100.0,-24.141945602552283,54.51492083057332,24.22,7.81
tiarei,0.0,pf,2018-05-24 14:17:19,100.0,-13.483544274554987,-145.3528243579965,27.22,6.11
beruwala,92.0,lk,2018-05-24 14:17:20,100.0,5.8372892986179465,78.9425403422415,26.86,12.66
baiao,12.0,br,2018-05-24 14:17:21,65.0,-3.036015341266946,-49.56598216045501,31.72,1.36
diofior,0.0,sn,2018-05-24 13:00:00,51.0,13.84084633536186,-17.017812786221214,29.0,4.6
inderborskiy,0.0,kz,2018-05-24 14:17:24,20.0,48.21815270509666,51.81422064747224,30.57,5.01
mehamn,88.0,no,2018-05-24 14:17:26,90.0,76.83931195678736,27.459864188006577,0.97,6.51
barvinkove,88.0,ua,2018-05-24 14:17:27,52.0,48.88340232035543,37.094887963667276,25.22,4.46
san vicente de canete,36.0,pe,2018-05-24 14:17:55,99.0,-13.524742923695072,-77.10592792044245,17.61,6.71
biak,92.0,id,2018-05-24 14:17:30,97.0,3.8127101184471712,139.58707953286796,30.42,5.81
fethiye,0.0,tr,2018-05-24 14:17:32,100.0,35.54355288743069,29.281824489828296,22.72,6.96
kanbe,75.0,mm,2018-05-24 13:30:00,74.0,16.451712793101862,96.03346948491867,29.0,2.6
rameswaram,92.0,in,2018-05-24 14:17:34,97.0,9.021401354038815,79.790150441972,30.07,6.71
ilulissat,48.0,gl,2018-05-24 14:17:36,100.0,72.58994852649221,-44.73351919077294,-14.34,6.51
opuwo,0.0,na,2018-05-24 14:17:37,19.0,-17.540112335336218,13.793187095795133,28.11,3.31
kuala perlis,75.0,my,2018-05-24 14:00:00,94.0,6.395838932071825,99.99695956326013,26.0,1.5
fushun,0.0,cn,2018-05-24 14:17:40,58.0,41.790292657008195,124.47275579373189,16.97,2.66
richards bay,56.0,za,2018-05-24 14:17:41,99.0,-30.12970058275235,35.71028405335062,23.82,6.26
mogadouro,76.0,pt,2018-05-24 14:17:43,68.0,41.23089788250999,-6.530572477955786,19.56,4.31
wau,36.0,pg,2018-05-24 14:17:44,100.0,-7.7340669094867,146.53300077384893,20.36,0.71
roald,8.0,no,2018-05-24 14:17:45,100.0,75.38749017364287,0.39316821285785863,0.11,6.91
mandiana,0.0,gn,2018-05-24 14:17:47,43.0,10.804810564252875,-8.733597067481952,35.97,2.91
kyzyl-suu,0.0,kg,2018-05-24 14:17:48,19.0,40.76839736466715,78.35321054848981,3.17,1.06
klaksvik,88.0,fo,2018-05-24 14:17:50,100.0,72.88765648646654,-2.9212876366287333,2.47,5.41
louisbourg,92.0,ca,2018-05-24 14:17:51,100.0,40.25336080009578,-57.14967286250685,19.31,6.71
lianzhou,32.0,cn,2018-05-24 14:17:52,73.0,25.198477256878206,112.64108805843762,25.52,3.86
souillac,32.0,mu,2018-05-24 14:17:54,96.0,-46.26362098290902,71.2001462324927,6.92,14.46
ngukurr,0.0,au,2018-05-24 14:17:55,46.0,-17.66718167299929,136.49981807074408,16.42,3.36
dengzhou,48.0,cn,2018-05-24 14:17:56,96.0,33.48933325614367,111.65600223684771,16.06,0.31
brae,0.0,gb,2018-05-24 14:17:58,95.0,64.17088543813679,-1.3830499880712637,8.72,9.66
saint anthony,24.0,ca,2018-05-24 14:17:59,100.0,53.70949048014771,-55.01716759111051,-1.09,7.66
whitehorse,12.0,ca,2018-05-24 14:18:01,39.0,61.58938327025416,-135.1201581394988,7.11,2.76
naushki,8.0,ru,2018-05-24 14:18:02,62.0,50.49105699596086,106.1076322865095,14.06,3.41
amlagora,0.0,in,2018-05-24 14:18:03,53.0,22.93624946591558,87.34304877061851,32.61,6.91
ojinaga,1.0,mx,2018-05-24 13:35:00,64.0,29.927623999120115,-104.10215201098946,20.0,2.1
guaruja,0.0,br,2018-05-24 14:18:06,100.0,-25.323586447951115,-45.554427892665416,21.47,3.01
bubaque,92.0,gw,2018-05-24 14:18:07,100.0,4.793887352897372,-22.277004288519237,25.97,3.31
zhuozhou,48.0,cn,2018-05-24 14:18:09,59.0,39.378287345378624,116.26666858034622,21.47,6.06
luga,0.0,ru,2018-05-24 14:18:10,43.0,58.71522118178203,29.861534736120575,20.36,3.86
zlitan,0.0,ly,2018-05-24 14:18:12,100.0,33.35649517027396,14.643846940060882,20.72,2.51
hailar,64.0,cn,2018-05-24 14:18:13,79.0,46.65596441151641,118.92412007092355,8.17,2.66
bakchar,80.0,ru,2018-05-24 14:18:14,50.0,56.30936386477245,82.09517732773116,8.67,3.66
balkhash,0.0,kz,2018-05-24 14:18:16,33.0,45.85915149429064,76.17398876771091,12.47,1.21
andijon,0.0,uz,2018-05-24 14:18:17,72.0,40.259099361741534,72.7361069769592,8.36,1.06
palembang,48.0,id,2018-05-24 14:18:19,93.0,-2.5737062705077847,104.42584006680471,24.77,1.61
maragogi,76.0,br,2018-05-24 14:18:20,100.0,-16.11891190295418,-25.177628996432418,24.07,7.86
mazagao,92.0,br,2018-05-24 14:18:21,87.0,0.6927695466893056,-53.02486268193039,25.82,1.31
santarem,56.0,br,2018-05-24 14:18:23,96.0,-3.072832140314418,-55.05171432629554,25.97,1.41
pichayevo,88.0,ru,2018-05-24 14:18:24,53.0,53.415507916367375,42.18838784192755,24.82,1.76
caconda,48.0,ao,2018-05-24 14:18:26,34.0,-15.268964625283473,15.303250079684489,24.32,2.76
radovan,0.0,ro,2018-05-24 13:30:00,36.0,44.16084101433566,23.628129640733107,26.0,3.1
acarau,92.0,br,2018-05-24 14:18:28,100.0,-0.634883219877409,-40.14309018720266,26.52,6.01
lulea,0.0,se,2018-05-24 13:20:00,44.0,65.53220780098678,22.093096532094876,14.0,3.6
